bank_account,value_date,narration,credit_amount,currency,utr
HDFC-XXXX4471,2026-03-03,NEFT CR-RAZORPAYX-BATCH-0001-SETTLEMENT,223488.27,INR,UTR0000001
HDFC-XXXX4471,2026-03-04,NEFT CR-RAZORPAYX-BATCH-0002-SETTLEMENT,176185.97,INR,UTR0000002
HDFC-XXXX4471,2026-03-05,NEFT CR-RAZORPAYX-BATCH-0003-SETTLEMENT,269306.47,INR,UTR0000003
HDFC-XXXX4471,2026-03-06,NEFT CR-RAZORPAYX-BATCH-0004-SETTLEMENT,253140.83,INR,UTR0000004
HDFC-XXXX4471,2026-03-07,NEFT CR-RAZORPAYX-BATCH-0005-SETTLEMENT,269487.03,INR,UTR0000005
HDFC-XXXX4471,2026-03-07,NEFT CR-RAZORPAYX-BATCH-0006-SETTLEMENT,136129.33,INR,UTR0000006
HDFC-XXXX4471,2026-03-08,NEFT CR-RAZORPAYX-BATCH-0007-SETTLEMENT,172210.45,INR,UTR0000007
HDFC-XXXX4471,2026-03-09,NEFT CR-RAZORPAYX-BATCH-0008-SETTLEMENT,229007.87,INR,UTR0000008
HDFC-XXXX4471,2026-03-10,NEFT CR-RAZORPAYX-BATCH-0009-SETTLEMENT,177975.11,INR,UTR0000009
HDFC-XXXX4471,2026-03-10,NEFT CR-RAZORPAYX-BATCH-0010-SETTLEMENT,148001.42,INR,UTR0000010
HDFC-XXXX4471,2026-03-17,NEFT CR-RAZORPAYX-BATCH-0011-SETTLEMENT,258289.96,INR,UTR0000011
HDFC-XXXX4471,2026-03-12,NEFT CR-RAZORPAYX-BATCH-0012-SETTLEMENT,130003.33,INR,UTR0000012
HDFC-XXXX4471,2026-03-13,NEFT CR-RAZORPAYX-BATCH-0013-SETTLEMENT,222375.90,INR,UTR0000013
HDFC-XXXX4471,2026-03-14,NEFT CR-RAZORPAYX-BATCH-0014-SETTLEMENT,247693.98,INR,UTR0000014
HDFC-XXXX4471,2026-03-14,NEFT CR-RAZORPAYX-BATCH-0015-SETTLEMENT,223335.58,INR,UTR0000015
HDFC-XXXX4471,2026-03-15,QUARTERLY ACCOUNT MAINTENANCE CHARGES,-1180.00,INR,UTR9900001
