entry_id,posting_date,order_ref,customer,amount,currency,status
ERP-00001,2026-03-02,ORD-2001,Kanha Logistics,47916.65,INR,Posted
ERP-00002,2026-03-02,ORD-2002,Nilgiri Estates,53350.11,INR,Posted
ERP-00003,2026-03-02,ORD-2003,Om Enterprises,68395.83,INR,Posted
ERP-00004,2026-03-02,ORD-2004,Ganga Textiles,58386.66,INR,Posted
ERP-00005,2026-03-02,ORD-2005,Sana Khan,24056.13,INR,Posted
ERP-00006,2026-03-03,ORD-2006,Om Enterprises,7889.64,INR,Posted
ERP-00007,2026-03-03,ORD-2007,Nilgiri Estates,64219.70,INR,Posted
ERP-00008,2026-03-03,ORD-2008,Sunrise Foods,83716.12,INR,Posted
ERP-00009,2026-03-03,ORD-2009,Meridian Labs,92729.84,INR,Posted
ERP-00010,2026-03-03,ORD-2010,Konkan Marine,95603.89,INR,Posted
ERP-00011,2026-03-04,ORD-2011,Om Enterprises,59348.40,INR,Posted
ERP-00012,2026-03-04,ORD-2012,Priya Sharma,27120.40,INR,Posted
ERP-00013,2026-03-04,ORD-2013,Deccan Spices,45309.07,INR,Posted
ERP-00014,2026-03-04,ORD-2014,Sana Khan,80789.75,INR,Posted
ERP-00015,2026-03-04,ORD-2015,Kanha Logistics,48437.54,INR,Posted
ERP-00016,2026-03-05,ORD-2016,Nilgiri Estates,83770.61,INR,Posted
ERP-00017,2026-03-05,ORD-2017,Ganga Textiles,84350.31,INR,Posted
ERP-00018,2026-03-05,ORD-2018,Nilgiri Estates,53537.09,INR,Posted
ERP-00019,2026-03-05,ORD-2019,Meridian Labs,86381.05,INR,Posted
ERP-00020,2026-03-05,ORD-2020,Ganga Textiles,56773.85,INR,Posted
ERP-00021,2026-03-06,ORD-2021,Meridian Labs,80325.52,INR,Posted
ERP-00022,2026-03-06,ORD-2022,Om Enterprises,50161.19,INR,Posted
ERP-00023,2026-03-06,ORD-2023,Vindhya Motors,39337.93,INR,Posted
ERP-00024,2026-03-06,ORD-2024,Om Enterprises,46216.44,INR,Posted
ERP-00025,2026-03-06,ORD-2025,Vindhya Motors,3191.92,INR,Posted
ERP-00026,2026-03-07,ORD-2026,Sunrise Foods,49479.06,INR,Posted
ERP-00027,2026-03-07,ORD-2027,Neha Verma,63064.02,INR,Posted
ERP-00028,2026-03-07,ORD-2028,Nilgiri Estates,63181.87,INR,Posted
ERP-00029,2026-03-07,ORD-2029,Meridian Labs,37185.96,INR,Posted
ERP-00030,2026-03-07,ORD-2030,Deccan Spices,53150.08,INR,Posted
ERP-00031,2026-03-08,ORD-2031,Rahul Gupta,55596.57,INR,Posted
ERP-00032,2026-03-08,ORD-2032,Nilgiri Estates,87748.89,INR,Posted
ERP-00033,2026-03-08,ORD-2033,Ganga Textiles,59497.04,INR,Posted
ERP-00034,2026-03-08,ORD-2034,Meridian Labs,89948.71,INR,Posted
ERP-00035,2026-03-08,ORD-2035,Kanha Logistics,3368.57,INR,Posted
ERP-00036,2026-03-09,ORD-2036,Ganga Textiles,28792.93,INR,Posted
ERP-00037,2026-03-09,ORD-2037,Om Enterprises,43358.50,INR,Posted
ERP-00038,2026-03-09,ORD-2038,Om Enterprises,33993.42,INR,Posted
ERP-00039,2026-03-09,ORD-2039,Bharat Retail,25703.01,INR,Posted
ERP-00040,2026-03-09,ORD-2040,Neha Verma,47966.93,INR,Posted
ERP-00041,2026-03-10,ORD-2041,Konkan Marine,65823.58,INR,Posted
ERP-00042,2026-03-10,ORD-2042,Priya Sharma,62927.28,INR,Posted
ERP-00043,2026-03-10,ORD-2043,Sana Khan,42839.67,INR,Posted
ERP-00044,2026-03-10,ORD-2044,Neha Verma,91970.65,INR,Posted
ERP-00045,2026-03-10,ORD-2045,Rahul Gupta,1592.62,INR,Posted
ERP-00046,2026-03-11,ORD-2046,Vindhya Motors,60735.26,INR,Posted
ERP-00047,2026-03-11,ORD-2047,Sunrise Foods,2912.59,INR,Posted
ERP-00048,2026-03-11,ORD-2048,Kanha Logistics,67415.99,INR,Posted
ERP-00049,2026-03-11,ORD-2049,Deccan Spices,7776.84,INR,Posted
ERP-00050,2026-03-11,ORD-2050,Sunrise Foods,63691.65,INR,Posted
ERP-00051,2026-03-12,ORD-2051,Vindhya Motors,57473.80,INR,Posted
ERP-00052,2026-03-12,ORD-2052,Sunrise Foods,97971.90,INR,Posted
ERP-00053,2026-03-12,ORD-2053,Priya Sharma,89781.06,INR,Posted
ERP-00054,2026-03-12,ORD-2054,Sunrise Foods,74596.23,INR,Posted
ERP-00055,2026-03-12,ORD-2055,Konkan Marine,34977.92,INR,Posted
ERP-00056,2026-03-13,ORD-2056,Om Enterprises,53393.74,INR,Posted
ERP-00057,2026-03-13,ORD-2057,Meridian Labs,90527.35,INR,Posted
ERP-00058,2026-03-13,ORD-2058,Neha Verma,35472.89,INR,Posted
ERP-00059,2026-03-13,ORD-2059,Sunrise Foods,71245.52,INR,Posted
ERP-00060,2026-03-13,ORD-2060,Kanha Logistics,30647.69,INR,Posted
