txn_id,order_ref,captured_at,gross_amount,fee,net_amount,currency,settlement_batch_id,status
pay_00001,ORD-2001,2026-03-02T12:45:00Z,47916.65,958.33,46958.32,INR,BATCH-0001,captured
pay_00002,ORD-2002,2026-03-02T10:33:00Z,53350.11,1067.00,52283.11,INR,BATCH-0001,captured
pay_00003,ORD-2003,2026-03-02T15:58:00Z,68395.83,1367.92,67027.91,INR,BATCH-0001,captured
pay_00004,ORD-2004,2026-03-02T12:54:00Z,58386.66,1167.73,57218.93,INR,BATCH-0001,captured
pay_00005,ORD-2005,2026-03-02T12:28:00Z,24056.13,481.12,23575.01,INR,BATCH-0002,captured
pay_00006,ORD-2006,2026-03-03T11:59:00Z,7789.64,155.79,7633.85,INR,BATCH-0002,captured
pay_00007,ORD-2007,2026-03-03T13:52:00Z,64219.70,1284.39,62935.31,INR,BATCH-0002,captured
pay_00008,ORD-2008,2026-03-03T11:52:00Z,83716.12,1674.32,82041.80,INR,BATCH-0002,captured
pay_00009,ORD-2009,2026-03-03T14:33:00Z,92729.84,1854.60,90875.24,INR,BATCH-0003,captured
pay_00010,ORD-2010,2026-03-03T11:32:00Z,95603.89,1912.08,93691.81,INR,BATCH-0003,captured
pay_00011,ORD-2011,2026-03-04T16:21:00Z,59348.40,1186.97,58161.43,INR,BATCH-0003,captured
pay_00012,ORD-2012,2026-03-04T14:43:00Z,27120.40,542.41,26577.99,INR,BATCH-0003,captured
pay_00013,ORD-2013,2026-03-04T14:56:00Z,45309.07,906.18,44402.89,INR,BATCH-0004,captured
pay_00014,ORD-2014,2026-03-04T14:58:00Z,80789.75,1615.80,79173.95,INR,BATCH-0004,captured
pay_00015,ORD-2015,2026-03-04T16:52:00Z,48437.54,968.75,47468.79,INR,BATCH-0004,captured
pay_00016,ORD-2016,2026-03-05T16:36:00Z,83770.61,1675.41,82095.20,INR,BATCH-0004,captured
pay_00017,ORD-2017,2026-03-05T14:14:00Z,84350.31,1687.01,82663.30,INR,BATCH-0005,captured
pay_00018,ORD-2018,2026-03-05T13:46:00Z,53537.09,1070.74,52466.35,INR,BATCH-0005,captured
pay_00020,ORD-2020,2026-03-05T09:58:00Z,56773.85,1135.48,55638.37,INR,BATCH-0005,captured
pay_00021,ORD-2021,2026-03-06T11:56:00Z,80325.52,1606.51,78719.01,INR,BATCH-0005,captured
pay_00022,ORD-2022,2026-03-06T15:43:00Z,50161.19,1003.22,49157.97,INR,BATCH-0006,captured
pay_00023,ORD-2023,2026-03-06T10:26:00Z,39337.93,786.76,38551.17,INR,BATCH-0006,captured
pay_00024,ORD-2024,2026-03-06T13:36:00Z,46216.44,924.33,45292.11,INR,BATCH-0006,captured
pay_00025,ORD-2025,2026-03-06T14:42:00Z,3191.92,63.84,3128.08,INR,BATCH-0006,captured
pay_00026,ORD-2026,2026-03-07T10:26:00Z,49479.06,989.58,48489.48,INR,BATCH-0007,captured
pay_00027,ORD-2027,2026-03-07T16:27:00Z,63064.02,1261.28,61802.74,INR,BATCH-0007,captured
pay_00027_1,ORD-2027,2026-03-07T16:28:00Z,63064.02,1261.28,61802.74,INR,BATCH-0007,captured
pay_00028,ORD-2028,2026-03-07T12:25:00Z,63181.87,1263.64,61918.23,INR,BATCH-0007,captured
pay_00029,ORD-2029,2026-03-07T12:00:00Z,37185.96,743.72,36442.24,INR,BATCH-0008,captured
pay_00030,ORD-2030,2026-03-07T16:01:00Z,53150.08,1063.00,52087.08,INR,BATCH-0008,captured
pay_00031,ORD-2031,2026-03-08T10:40:00Z,55596.57,1111.93,54484.64,INR,BATCH-0008,captured
pay_00032,ORD-2032,2026-03-08T12:32:00Z,87748.89,1754.98,85993.91,INR,BATCH-0008,captured
pay_00033,ORD-2033,2026-03-08T12:11:00Z,59497.04,1189.94,58307.10,INR,BATCH-0009,captured
pay_00034,ORD-2034,2026-03-08T13:04:00Z,89948.71,1798.97,88149.74,INR,BATCH-0009,captured
pay_00035,ORD-2035,2026-03-08T10:34:00Z,3368.57,67.37,3301.20,INR,BATCH-0009,captured
pay_00036,ORD-2036,2026-03-09T12:18:00Z,28792.93,575.86,28217.07,INR,BATCH-0009,captured
pay_00037,ORD-2037,2026-03-09T16:45:00Z,43358.50,867.17,42491.33,INR,BATCH-0010,captured
pay_00038,ORD-2038,2026-03-09T12:26:00Z,33993.42,679.87,33313.55,INR,BATCH-0010,captured
pay_00039,ORD-2039,2026-03-09T15:36:00Z,25703.01,514.06,25188.95,INR,BATCH-0010,captured
pay_00040,ORD-2040,2026-03-09T13:13:00Z,47966.93,959.34,47007.59,INR,BATCH-0010,captured
pay_00041,ORD-2041,2026-03-10T15:56:00Z,65823.58,1316.47,64507.11,INR,BATCH-0011,captured
pay_00042,ORD-2042,2026-03-10T10:32:00Z,62927.28,1258.55,61668.73,INR,BATCH-0011,captured
pay_00043,ORD-2043,2026-03-10T16:38:00Z,42839.67,856.79,41982.88,INR,BATCH-0011,captured
pay_00044,ORD-2044,2026-03-10T15:40:00Z,91970.65,1839.41,90131.24,INR,BATCH-0011,captured
pay_00045,ORD-2045,2026-03-10T13:33:00Z,1592.62,31.85,1560.77,INR,BATCH-0012,captured
pay_00046,ORD-2046,2026-03-11T10:18:00Z,60735.26,1214.71,59520.55,INR,BATCH-0012,captured
pay_00047,ORD-2047,2026-03-11T14:34:00Z,2912.59,58.25,2854.34,INR,BATCH-0012,captured
pay_00048,ORD-2048,2026-03-11T16:32:00Z,67415.99,1348.32,66067.67,INR,BATCH-0012,captured
pay_00049,ORD-2049,2026-03-11T11:43:00Z,7776.84,155.54,7621.30,INR,BATCH-0013,captured
pay_00050,ORD-2050,2026-03-11T15:04:00Z,63691.65,1273.83,62417.82,INR,BATCH-0013,captured
pay_00051,ORD-2051,2026-03-12T09:52:00Z,57473.80,1149.48,56324.32,INR,BATCH-0013,captured
pay_00052,ORD-2052,2026-03-12T10:40:00Z,97971.90,1959.44,96012.46,INR,BATCH-0013,captured
pay_00053,ORD-2053,2026-03-12T11:04:00Z,89781.06,1795.62,87985.44,INR,BATCH-0014,captured
pay_00054,ORD-2054,2026-03-12T15:03:00Z,74596.23,1491.92,73104.31,INR,BATCH-0014,captured
pay_00055,ORD-2055,2026-03-12T14:54:00Z,34977.92,699.56,34278.36,INR,BATCH-0014,captured
pay_00056,ORD-2056,2026-03-13T16:18:00Z,53393.74,1067.87,52325.87,INR,BATCH-0014,captured
pay_00057,ORD-2057,2026-03-13T10:15:00Z,90527.35,1810.55,88716.80,INR,BATCH-0015,captured
pay_00058,ORD-2058,2026-03-13T09:46:00Z,35472.89,709.46,34763.43,INR,BATCH-0015,captured
pay_00059,ORD-2059,2026-03-13T14:28:00Z,71245.52,1424.91,69820.61,INR,BATCH-0015,captured
pay_00060,ORD-2060,2026-03-13T15:54:00Z,30647.69,612.95,30034.74,INR,BATCH-0015,captured
